{"cameraMode":{"drawMode":0,"name":"Shaded","section":"Shading Mode"},"sceneLighting":false,"audioPlay":false,"sceneViewState":{"showFog":false,"showMaterialUpdate":false,"showSkybox":false,"showFlares":false,"showImageEffects":false,"showParticleSystems":false},"in2DMode":false,"pivot":{"x":-1.2631850242614747,"y":-0.19218315184116364,"z":0.3819010853767395},"rotation":{"x":-0.058472488075494769,"y":0.6622971296310425,"z":-0.05197043716907501,"w":-0.7451508641242981},"size":4.041658401489258,"orthographic":false}