{"cameraMode":{"drawMode":0,"name":"Shaded","section":"Shading Mode"},"sceneLighting":true,"audioPlay":false,"sceneViewState":{"showFog":false,"showMaterialUpdate":false,"showSkybox":false,"showFlares":false,"showImageEffects":false,"showParticleSystems":false},"in2DMode":false,"pivot":{"x":1.0326929092407227,"y":1.2982043027877808,"z":-0.4080452620983124},"rotation":{"x":-0.07960108667612076,"y":0.6232593059539795,"z":-0.06398873776197434,"w":-0.7753204703330994},"size":7.9899444580078129,"orthographic":false}